ChickID,Nest,hatch_spread,first_sur,Treatment_Type
L3,L,4,0,control
L5,L,4,0,control
V3,V,4,0,control
V5,V,4,0,control
V6,V,4,0,control
V7,V,4,0,control
BD2,BD,4,0,control
BD4,BD,4,0,control
BD5,BD,4,0,control
BD6,BD,4,0,control
N2,N,5,0,control
N3,N,5,0,control
N4,N,5,0,control
N5,N,5,0,control
N6,N,5,0,control
AD3,AD,3,0,control
AD5,AD,3,0,control
AD6,AD,3,0,control
AZ2,AZ,5,0,control
AZ4,AZ,5,0,control
AZ6,AZ,5,0,control
AZ7,AZ,5,0,control
AG3,AG,5,0,control
AG5,AG,5,0,control
AG6,AG,5,0,control
AO3,AO,3,0,control
AO4,AO,3,0,control
AO5,AO,3,0,control
G1,G,14,0,experimental
G2,G,14,0,experimental
G4,G,14,0,experimental
G6,G,14,0,experimental
E2,E,4,0,control
E4,E,4,0,control
E6,E,4,0,control
E7,E,4,0,control
U1,U,9,0,experimental
U2,U,9,0,experimental
U3,U,9,0,experimental
U4,U,9,0,experimental
U5,U,9,0,experimental
S2,S,12,0,experimental
S3,S,12,0,experimental
AA1,AA,12,0,experimental
AA2,AA,12,0,experimental
AA3,AA,12,0,experimental
AA4,AA,12,0,experimental
AR1,AR,10,0,experimental
AR2,AR,10,0,experimental
AR3,AR,10,0,experimental
AR4,AR,10,0,experimental
AR5,AR,10,0,experimental
AC2,AC,12,0,experimental
AC3,AC,12,0,experimental
AC4,AC,12,0,experimental
AC5,AC,12,0,experimental
AX1,AX,8,0,experimental
AX3,AX,8,0,experimental
AX4,AX,8,0,experimental
BB1,BB,9,0,experimental
BB3,BB,9,0,experimental
BB4,BB,9,0,experimental
BB6,BB,9,0,experimental
AV2,AV,15,0,experimental
L1,L,4,1,control
L2,L,4,1,control
L4,L,4,1,control
V1,V,4,1,control
V2,V,4,1,control
V4,V,4,1,control
BD1,BD,4,1,control
BD3,BD,4,1,control
N1,N,5,1,control
AD1,AD,3,1,control
AD2,AD,3,1,control
AD4,AD,3,1,control
AZ1,AZ,5,1,control
AZ3,AZ,5,1,control
AZ5,AZ,5,1,control
AG1,AG,5,1,control
AG2,AG,5,1,control
AG4,AG,5,1,control
AO1,AO,3,1,control
AO2,AO,3,1,control
C1,C,10,1,experimental
C2,C,10,1,experimental
G3,G,14,1,experimental
G5,G,14,1,experimental
E1,E,4,1,control
E3,E,4,1,control
E5,E,4,1,control
S1,S,12,1,experimental
AC1,AC,12,1,experimental
AX2,AX,8,1,experimental
AX5,AX,8,1,experimental
BB2,BB,9,1,experimental
BB5,BB,9,1,experimental
AV1,AV,15,1,experimental
