ChickID,Nest,Date,ToeNail,Mass_total,mass_bag,Mass_net,S_T,Tar,Treatment_Type
AA1,AA,2018-09-24,TN1,35,11,24,21.87,23.39,Experimental
AA1,AA,2018-09-27,TN1,37,11,26,22.62,24.64,Experimental
AA1,AA,2018-09-28,TN1,43,11,32,22.3,26,Experimental
AA1,AA,2018-09-29,TN1,45,11,34,23.27,26.49,Experimental
AA2,AA,2018-09-28,TN2,36,11,25,23.16,22.86,Experimental
AA2,AA,2018-09-29,TN2,35,11,24,22.8,23.98,Experimental
AA2,AA,2018-09-30,TN2,35,11,24,23.08,24.43,Experimental
AA5,AA,2018-10-04,TN5,39,11,28,22.24,22.51,Experimental
AA5,AA,2018-10-05,TN5,37,11,26,21.56,25.03,Experimental
AA5,AA,2018-10-16,TN5,61,11,50,23.08,31.82,Experimental
AA6,AA,2018-10-04,TN6,36,11,25,22.01,21.88,Experimental
AA6,AA,2018-10-06,TN6,34,11,33,21.83,23.79,Experimental
AA6,AA,2018-10-18,TN6,63,11,52,22.54,28.87,Experimental
AD1,AD,2018-09-28,TN1,41,11,30,21.21,22.57,Control
AD1,AD,2018-09-30,TN1,42,11,31,21.69,26.4,Control
AD2,AD,2018-09-28,TN2,38,11,27,21.29,23.16,Control
AD2,AD,2018-09-30,TN2,38,11,27,20.9,25.33,Control
AD2,AD,2018-10-01,TN2,39,11,28,21.91,24.27,Control
AD2,AD,2018-10-22,TN2,105,10,95,29.29,40.84,Control
AD3,AD,2018-09-28,TN3,34,11,23,20.87,22.06,Control
AD3,AD,2018-09-30,TN3,33,11,22,21.12,23.72,Control
AD4,AD,2018-09-29,TN4,39,11,28,22.57,24.74,Control
AD4,AD,2018-09-30,TN4,37,11,26,21.76,23.97,Control
AD4,AD,2018-10-01,TN4,40,11,29,22.51,25.14,Control
AD5,AD,2018-10-01,TN5,39,11,28,21.27,24.92,Control
AG1,AG,2018-09-24,TN1,37,11,26,21.47,24.75,Control
AG1,AG,2018-09-26,TN1,43,10,33,21.03,25.8,Control
AG1,AG,2018-09-27,TN1,41,11,30,21.9,26.36,Control
AG2,AG,2018-09-24,TN2,34,11,23,21.49,23.58,Control
AG2,AG,2018-09-26,TN2,39,10,29,21.44,25.3,Control
AG2,AG,2018-09-27,TN2,39,11,28,21.32,24.93,Control
AG5,AG,2018-09-30,TN5,37,11,26,21.76,23.83,Control
AG5,AG,2018-10-01,TN5,36,11,25,22.51,23.69,Control
AG5,AG,2018-10-02,TN5,40,11,29,22.36,23.71,Control
AG6,AG,2018-10-02,TN6,33,11,22,21.73,21.59,Control
AG6,AG,2018-10-03,TN6,32,11,21,22.46,23.06,Control
AG7,AG,2018-10-02,TN7,34,11,23,22.12,21.11,Control
AV1,AV,2018-10-01,TN1,38,11,27,21.52,23.88,Control
AV1,AV,2018-10-02,TN1,37,12,25,21.01,23.71,Control
AV1,AV,2018-10-03,TN1,40,11,29,21.44,22.34,Control
AV2,AV,2018-10-02,TN2,40,12,28,22.49,24.56,Control
AV2,AV,2018-10-03,TN2,36,11,25,22.58,22.83,Control
AV2,AV,2018-10-04,TN2,35,11,24,22.06,22.44,Control
AV2,AV,2018-10-07,TN2,40,11,29,22.44,24.92,Control
AV2,AV,2018-10-23,TN2,135,11,124,29.55,41.02,Control
AV6,AV,2018-10-04,TN6,36,11,25,22.19,24.08,Control
AX11,AX,2018-10-10,TN11,34,10,24,21.62,19.93,Experimental
AX4,AX,2018-09-30,TN4,38,11,27,22.41,24.69,Experimental
AX4,AX,2018-10-01,TN4,36,11,25,22.42,24.45,Experimental
AX4,AX,2018-10-02,TN4,39,11,28,21.24,23.02,Experimental
AX4,AX,2018-10-03,TN4,40,11,29,22.91,24.87,Experimental
AX4,AX,2018-10-04,TN4,42,11,31,22.95,24.31,Experimental
AX4,AX,2018-10-05,TN4,41,11,30,22.61,25.38,Experimental
AX4,AX,2018-10-07,TN4,42,11,31,,25.43,Experimental
AX6,AX,2018-10-08,TN6,36,11,25,22.78,22.78,Experimental
AX6,AX,2018-10-09,TN6,36,11,25,22.95,23.72,Experimental
AX6,AX,2018-10-10,TN6,38,10,28,23.06,24.56,Experimental
AX6,AX,2018-10-11,TN6,41,10,31,22.24,25.18,Experimental
AX6,AX,2018-10-12,TN6,46,11,35,22.73,25.45,Experimental
AX6,AX,2018-10-13,TN6,41,11,30,22.89,26.54,Experimental
AX6,AX,2018-10-16,TN6,49,11,38,23.57,26.04,Experimental
AX6,AX,2018-10-25,TN6,58,12,46,24.84,29.37,Experimental
AX7,AX,2018-10-09,TN7,37,11,26,21.84,22.36,Experimental
AX7,AX,2018-10-10,TN7,35,10,25,21.69,23.32,Experimental
AX7,AX,2018-10-11,TN7,37,10,27,22.02,24.54,Experimental
AX7,AX,2018-10-12,TN7,43,11,32,22.19,24.65,Experimental
AX7,AX,2018-10-14,TN7,40,11,29,22.14,23.64,Experimental
AX7,AX,2018-10-16,TN7,42,11,31,22.47,24.74,Experimental
AX7,AX,2018-10-25,TN7,45,12,33,22.52,27.22,Experimental
AX8,AX,2018-10-10,TN8,40,10,30,21.93,23.25,Experimental
AX8,AX,2018-10-12,TN8,44,11,33,21.7,24.96,Experimental
AX9,AX,2018-10-12,TN9,35,11,24,20.54,22.62,Experimental
AX9,AX,2018-10-14,TN9,38,11,27,21.03,22.3,Experimental
AZ1,AZ,2018-10-14,TN1,36,11,25,21.93,22.91,Control
AZ1,AZ,2018-10-16,TN1,35,11,24,21.67,23.51,Control
AZ1,AZ,2018-10-23,TN1,54,11,43,23.58,28.13,Control
AZ1,AZ,2018-11-21,TN1,172,11,161,34.79,52.22,Control
AZ2,AZ,2018-10-15,TN2,40,11,29,21.43,22.87,Control
AZ2,AZ,2018-10-16,TN2,36,11,25,21.66,24.34,Control
AZ2,AZ,2018-10-20,TN2,40,10,30,22.19,26.68,Control
AZ3,AZ,2018-10-15,TN3,37,11,26,22.32,24.43,Control
AZ3,AZ,2018-10-16,TN3,38,11,27,22.48,26.1,Control
AZ5,AZ,2018-10-19,TN5,33,11,22,19.63,23.19,Control
AZ5,AZ,2018-10-20,TN5,32,10,22,19.55,22.74,Control
AZ5,AZ,2018-10-23,TN5,34,11,23,19.9,23.67,Control
AZ6,AZ,2018-10-20,TN6,38,10,28,20.92,25.51,Control
C1,C,2018-09-16,TN1,36,10,26,20.41,22.32,Experimental
C1,C,2018-09-17,TN1,35,11,24,20.3,23.62,Experimental
C1,C,2018-09-18,TN1,37,11,26,20.31,23.82,Experimental
C1,C,2018-09-19,TN1,38,11,27,20.44,24.2,Experimental
C1,C,2018-09-22,TN1,55,11,44,21.54,22.56,Experimental
C1,C,2018-10-11,TN1,153,11,142,30.48,47.54,Experimental
C1,C,2018-12-04,TN1,725,145,580,53.4,90.69,Experimental
C2,C,2018-09-16,TN2,34,10,24,21.21,22.42,Experimental
C2,C,2018-09-17,TN2,36,11,25,21.4,22.58,Experimental
C2,C,2018-09-18,TN2,34,11,23,21.29,23.77,Experimental
C2,C,2018-10-11,TN2,154,11,143,32.72,51.54,Experimental
C2,C,2018-10-18,TN2,176,11,165,32.23,53.87,Experimental
E1,E,2018-08-20,TN1,35,11,24,23.63,21.58,Control
E1,E,2018-09-05,TN1,85,11,74,25.17,33.36,Control
E1,E,2018-09-12,TN1,116,11,105,27.24,39.02,Control
E1,E,2018-09-15,TN1,136,11,125,29.3,41.85,Control
E1,E,2018-09-21,TN1,196,11,185,32.64,50.32,Control
E1,E,2018-10-06,TN1,500,125,375,42.55,73.36,Control
E1,E,2018-10-22,TN1,645,150,495,49.82,88.82,Control
E2,E,2018-08-20,TN2,36,11,25,24.02,22.18,Control
E3,E,2018-08-20,TN3,32,11,21,24.19,21.18,Control
E3,E,2018-09-05,TN3,98,11,87,24.97,38.92,Control
E3,E,2018-09-15,TN3,160,11,149,30.65,49.31,Control
E3,E,2018-09-21,TN3,224,11,213,35.11,57.89,Control
E3,E,2018-10-06,TN3,510,120,390,42.55,78.85,Control
E3,E,2018-10-22,TN3,595,125,470,48.57,85.36,Control
E4,E,2018-08-25,TN4,33,10,23,19.67,23.43,Control
E4,E,2018-09-05,TN4,50,11,39,23.35,27.77,Control
E4,E,2018-09-15,TN4,64,11,53,24.34,29.63,Control
E5,E,2018-08-26,TN5,36,11,25,21.01,22.58,Control
E5,E,2018-08-29,TN5,44,10,34,21.76,23.97,Control
E5,E,2018-09-05,TN5,57,11,46,22.68,28.68,Control
E5,E,2018-09-09,TN5,71,10,61,22.96,29.44,Control
E5,E,2018-09-12,TN5,70,11,59,24.42,30.26,Control
E5,E,2018-09-15,TN5,81,11,70,24.27,33.77,Control
E5,E,2018-09-21,TN5,103,11,92,25.88,38.41,Control
E5,E,2018-10-06,TN5,198,70,128,29.18,41.65,Control
E6,E,2018-09-05,TN6,47,11,36,23.43,27.11,Control
E7,E,2018-09-05,TN7,103,11,92,25.46,37.35,Control
G1,G,2018-08-28,TN1,38,11,27,22.01,23.47,Experimental
G2,G,2018-08-28,TN2,35,11,24,22.16,23.41,Experimental
G2,G,2018-08-29,TN2,35,11,24,22.26,23.19,Experimental
G3,G,2018-08-29,TN3,35,11,24,21.94,22.19,Experimental
G3,G,2018-09-03,TN3,48,11,37,21.89,23.47,Experimental
G4,G,2018-09-01,TN4,38,11,27,20.89,22.5,Experimental
G4,G,2018-09-02,TN4,35,11,24,21.18,22.68,Experimental
G4,G,2018-09-10,TN4,36,11,25,22.63,22.06,Experimental
G4,G,2018-09-11,TN4,33,10,23,22.47,22.51,Experimental
G4,G,2018-09-12,TN4,35,11,24,23.08,22.76,Experimental
G4,G,2018-09-13,TN4,34,11,23,22.88,23.38,Experimental
G4,G,2018-09-14,TN4,31,10,21,22.83,21.89,Experimental
G5,G,2018-09-11,TN5,35,10,25,21.25,23.78,Experimental
G5,G,2018-09-12,TN5,36,11,25,21.85,23.54,Experimental
G5,G,2018-09-14,TN5,39,10,29,21.31,25.57,Experimental
U1,U,2018-09-29,TN1,40,11,29,21.59,23.35,Experimental
U1,U,2018-09-30,TN1,41,11,30,21.78,26,Experimental
U1,U,2018-10-02,TN1,46,11,35,22.18,26.72,Experimental
U2,U,2018-09-29,TN2,39,11,28,22.43,22.63,Experimental
U2,U,2018-09-30,TN2,39,11,28,22.09,25.45,Experimental
U2,U,2018-10-02,TN2,44,11,33,22.6,26.73,Experimental
U3,U,2018-10-04,TN3,43,11,32,22.04,24.16,Experimental
U5,U,2018-10-08,TN5,42,11,31,22.31,24.05,Experimental
V1,V,2018-10-01,TN1,40,11,29,21.93,22.87,Control
V1,V,2018-10-02,TN1,39,11,28,22.24,24.81,Control
V1,V,2018-10-03,TN1,38,11,27,22.03,23.25,Control
V1,V,2018-10-04,TN1,45,11,34,21.46,25.08,Control
V1,V,2018-10-05,TN1,35,11,24,21.84,26.71,Control
V2,V,2018-10-05,TN2,39,11,28,21.52,22.76,Control
V2,V,2018-10-06,TN2,37,11,26,21.09,23.51,Control
V2,V,2018-10-07,TN2,36,11,25,21.44,22.66,Control
V3,V,2018-10-06,TN3,36,11,25,22.07,22.55,Control
V3,V,2018-10-07,TN3,36,11,25,21.89,23.7,Control
V4,V,2018-10-06,TN4,36,11,25,22.75,22.04,Control
V4,V,2018-10-07,TN4,34,11,23,22.35,23.31,Control
V4,V,2018-10-15,TN4,47,11,36,23.75,27.66,Control
V4,V,2018-10-22,TN4,66,10,56,24.36,31.04,Control
V5,V,2018-10-07,TN5,43,11,32,21.78,24.74,Control
S1,S,2018-09-26,TN1,31,11,20,22.74,22.44,Experimental
S1,S,2018-09-27,TN1,31,11,20,23.17,22.88,Experimental
S1,S,2018-09-28,TN1,33,11,22,22.56,22.92,Experimental
S1,S,2018-09-29,TN1,31,11,20,22.06,23.3,Experimental
S1,S,2018-09-30,TN1,32,11,21,23.08,24.43,Experimental
S1,S,2018-10-01,TN1,33,11,22,22.06,23.33,Experimental
S2,S,2018-10-07,TN5,35,11,24,22.5,22.27,Experimental
AR1,AR,2018-10-10,TN1,39,11,28,21.52,21.93,Experimental
AR1,AR,2018-10-11,TN1,35,11,24,21.91,23.29,Experimental
AR1,AR,2018-10-12,TN1,41,11,30,22.2,24.8,Experimental
AR2,AR,2018-10-12,TN2,35,11,24,22.8,22.14,Experimental
AR1,AR,2018-10-13,TN1,39,11,28,21.76,24.09,Experimental
AR2,AR,2018-10-13,TN2,35,11,24,21.97,21.73,Experimental
AR3,AR,2018-10-14,TN3,32,11,21,22.61,22.67,Experimental
AR2,AR,2018-10-15,TN2,30,11,19,22.55,21.82,Experimental
AR1,AR,2018-10-18,TN1,49,11,38,22.9,27.95,Experimental
AR1,AR,2018-10-25,TN1,51,11,40,23.1,28.12,Experimental
AR1,AR,2018-11-11,TN1,177,13,164,32.23,52.83,Experimental
AR1,AR,2018-11-14,TN1,172,11,161,,53.02,Experimental
N1,N,2018-08-31,TN1,33,11,22,21.44,21.49,Control
N1,N,2018-09-01,TN1,32,11,21,21.36,21.16,Control
N1,N,2018-09-02,TN1,31,11,20,20.73,23.2,Control
N2,N,2018-09-02,TN2,33,11,22,21.8,21.34,Control
N1,N,2018-09-03,TN1,32,11,21,21.36,22.87,Control
N2,N,2018-09-03,TN2,34,11,23,20.81,21.19,Control
N3,N,2018-09-03,TN3,34,11,23,20.99,21.79,Control
N4,N,2018-09-03,TN4,36,11,25,21.24,22.72,Control
N4,N,2018-09-04,TN4,32,10,22,21.29,20.81,Control
N4,N,2018-09-05,TN4,32,11,21,21.59,22.36,Control
N4,N,2018-09-06,TN4,30,11,19,20.45,22.8,Control
N4,N,2018-09-07,TN4,35,10,25,21.6,22.95,Control
N1,BD,2018-10-18,TN1,36,11,25,21.6,22.11,Control
N2,BD,2018-10-18,TN2,38,11,27,21.78,24.26,Control
N1,BD,2018-10-19,TN1,35,11,24,21.73,23.01,Control
N3,BD,2018-10-19,TN3,36,11,25,21.16,23.85,Control
N4,BD,2018-10-19,TN4,36,11,25,20.93,23.51,Control
N3,BD,2018-10-20,TN3,40,10,30,21.82,24.07,Control
N4,BD,2018-10-20,TN4,37,10,27,21.61,23.35,Control
N5,BD,2018-10-20,TN5,34,10,24,21.67,24.62,Control
N6,BD,2018-10-20,TN6,37,10,27,21.5,23.86,Control
N2,BD,2018-10-20,TN2,39,10,29,21.52,25.24,Control
N3,BD,2018-10-22,TN3,50,12,38,21.47,26.55,Control
N4,BD,2018-10-22,TN4,43,12,31,21.11,24.47,Control
N4,BD,2018-10-23,TN4,46,11,35,,25.87,Control
N4,BD,2018-10-24,TN4,48,11,37,21.93,,Control
,,,,,,0,,,
,,,,,,0,,,
,,,,,,0,,,
,,,,,,0,,,
,,,,,,0,,,
,,,,,,0,,,
,,,,,,0,,,
,,,,,,0,,,
,,,,,,0,,,
,,,,,,0,,,
,,,,,,0,,,
,,,,,,0,,,
,,,,,,0,,,
,,,,,,0,,,
,,,,,,0,,,
,,,,,,0,,,
,,,,,,0,,,
